{
    "rmse": 0.6874271486223578,
    "mae": 0.5223749017600252,
    "r2": 0.21200431943293518
}